"score_band","wicket_band","n","win_probability"
"Under 40","0",33,0.696969696969697
"Under 40","1",167,0.550898203592814
"Under 40","2",206,0.354368932038835
"Under 40","3+",221,0.230769230769231
"40-49","0",141,0.609929078014184
"40-49","1",258,0.511627906976744
"40-49","2",233,0.416309012875536
"40-49","3+",106,0.216981132075472
"50-59","0",190,0.652631578947368
"50-59","1",246,0.573170731707317
"50-59","2",144,0.423611111111111
"50-59","3+",53,0.320754716981132
"60+","0",170,0.770588235294118
"60+","1",190,0.678947368421053
"60+","2",65,0.553846153846154
"60+","3+",31,0.354838709677419
